{"black": [49.49999999999999, 54.46777777777777, 65.11333333333333], "brown": [132.08333333333334, 114.52111111111114, 105.37222222222222], "gray": [176.59222222222223, 173.73111111111112, 168.4611111111111], "off-white": [228.77111111111108, 224.57444444444445, 211.48666666666668], "white": [219.2811111111112, 225.93777777777777, 233.9044444444444]}